Campaña,Tipo,Grupo de anuncios,Palabra clave,Concordancia,URL final
Búsqueda – Guatemala,No marca,Revisión de compra,revisión de compra de carro usado,Exacta,https://certimotors.com/revision-de-compra-vehiculo-usado-guatemala/
Búsqueda – Guatemala,No marca,Revisión de compra,revisión de compra de carro usado,Frase,https://certimotors.com/revision-de-compra-vehiculo-usado-guatemala/
Búsqueda – Guatemala,No marca,Revisión de compra,revision de compra vehiculo,Exacta,https://certimotors.com/revision-de-compra-vehiculo-usado-guatemala/
Búsqueda – Guatemala,No marca,Revisión de compra,revision de compra vehiculo,Frase,https://certimotors.com/revision-de-compra-vehiculo-usado-guatemala/
Búsqueda – Guatemala,No marca,Revisión de compra,inspección pre compra vehículos,Exacta,https://certimotors.com/revision-de-compra-vehiculo-usado-guatemala/
Búsqueda – Guatemala,No marca,Revisión de compra,inspección pre compra vehículos,Frase,https://certimotors.com/revision-de-compra-vehiculo-usado-guatemala/
Búsqueda – Guatemala,No marca,Revisión de compra,inspección precompra carro,Exacta,https://certimotors.com/revision-de-compra-vehiculo-usado-guatemala/
Búsqueda – Guatemala,No marca,Revisión de compra,inspección precompra carro,Frase,https://certimotors.com/revision-de-compra-vehiculo-usado-guatemala/
Búsqueda – Guatemala,No marca,Revisión de compra,revisar carro antes de comprar,Exacta,https://certimotors.com/revision-de-compra-vehiculo-usado-guatemala/
Búsqueda – Guatemala,No marca,Revisión de compra,revisar carro antes de comprar,Frase,https://certimotors.com/revision-de-compra-vehiculo-usado-guatemala/
Búsqueda – Guatemala,No marca,Revisión de compra,revisión antes de comprar un carro usado,Exacta,https://certimotors.com/revision-de-compra-vehiculo-usado-guatemala/
Búsqueda – Guatemala,No marca,Revisión de compra,revisión antes de comprar un carro usado,Frase,https://certimotors.com/revision-de-compra-vehiculo-usado-guatemala/
Búsqueda – Guatemala,No marca,Revisión de compra,inspección de carro usado antes de comprar,Exacta,https://certimotors.com/revision-de-compra-vehiculo-usado-guatemala/
Búsqueda – Guatemala,No marca,Revisión de compra,inspección de carro usado antes de comprar,Frase,https://certimotors.com/revision-de-compra-vehiculo-usado-guatemala/
Búsqueda – Guatemala,No marca,Revisión de compra,revisión de carro usado guatemala,Exacta,https://certimotors.com/revision-de-compra-vehiculo-usado-guatemala/
Búsqueda – Guatemala,No marca,Revisión de compra,revisión de carro usado guatemala,Frase,https://certimotors.com/revision-de-compra-vehiculo-usado-guatemala/
Búsqueda – Guatemala,No marca,Revisión mecánica,revisión mecánica carro usado,Exacta,https://certimotors.com/revision-mecanica-vehiculos-guatemala/
Búsqueda – Guatemala,No marca,Revisión mecánica,revisión mecánica carro usado,Frase,https://certimotors.com/revision-mecanica-vehiculos-guatemala/
Búsqueda – Guatemala,No marca,Revisión mecánica,revisión mecánica de vehículos guatemala,Exacta,https://certimotors.com/revision-mecanica-vehiculos-guatemala/
Búsqueda – Guatemala,No marca,Revisión mecánica,revisión mecánica de vehículos guatemala,Frase,https://certimotors.com/revision-mecanica-vehiculos-guatemala/
Búsqueda – Guatemala,No marca,Revisión mecánica,revisión mecánica de carros,Exacta,https://certimotors.com/revision-mecanica-vehiculos-guatemala/
Búsqueda – Guatemala,No marca,Revisión mecánica,revisión mecánica de carros,Frase,https://certimotors.com/revision-mecanica-vehiculos-guatemala/
Búsqueda – Guatemala,No marca,Revisión mecánica,inspección mecánica vehículos,Exacta,https://certimotors.com/revision-mecanica-vehiculos-guatemala/
Búsqueda – Guatemala,No marca,Revisión mecánica,inspección mecánica vehículos,Frase,https://certimotors.com/revision-mecanica-vehiculos-guatemala/
Búsqueda – Guatemala,No marca,Revisión mecánica,escaneo de carro,Exacta,https://certimotors.com/revision-mecanica-vehiculos-guatemala/
Búsqueda – Guatemala,No marca,Revisión mecánica,escaneo de carro,Frase,https://certimotors.com/revision-mecanica-vehiculos-guatemala/
Búsqueda – Guatemala,No marca,Revisión mecánica,escáner automotriz guatemala,Exacta,https://certimotors.com/revision-mecanica-vehiculos-guatemala/
Búsqueda – Guatemala,No marca,Revisión mecánica,escáner automotriz guatemala,Frase,https://certimotors.com/revision-mecanica-vehiculos-guatemala/
Búsqueda – Guatemala,No marca,Revisión mecánica,diagnóstico de carro usado,Exacta,https://certimotors.com/revision-mecanica-vehiculos-guatemala/
Búsqueda – Guatemala,No marca,Revisión mecánica,diagnóstico de carro usado,Frase,https://certimotors.com/revision-mecanica-vehiculos-guatemala/
Búsqueda – Guatemala,No marca,Revisión mecánica,revisión mecánica antes de comprar,Exacta,https://certimotors.com/revision-mecanica-vehiculos-guatemala/
Búsqueda – Guatemala,No marca,Revisión mecánica,revisión mecánica antes de comprar,Frase,https://certimotors.com/revision-mecanica-vehiculos-guatemala/
Búsqueda – Guatemala,No marca,Carros rodados,inspección de carros rodados,Exacta,https://certimotors.com/inspeccion-carros-rodados-guatemala/
Búsqueda – Guatemala,No marca,Carros rodados,inspección de carros rodados,Frase,https://certimotors.com/inspeccion-carros-rodados-guatemala/
Búsqueda – Guatemala,No marca,Carros rodados,revisión de carro rodado,Exacta,https://certimotors.com/inspeccion-carros-rodados-guatemala/
Búsqueda – Guatemala,No marca,Carros rodados,revisión de carro rodado,Frase,https://certimotors.com/inspeccion-carros-rodados-guatemala/
Búsqueda – Guatemala,No marca,Carros rodados,revisar carro rodado antes de comprar,Exacta,https://certimotors.com/inspeccion-carros-rodados-guatemala/
Búsqueda – Guatemala,No marca,Carros rodados,revisar carro rodado antes de comprar,Frase,https://certimotors.com/inspeccion-carros-rodados-guatemala/
Búsqueda – Guatemala,No marca,Carros rodados,comprar carro rodado guatemala,Exacta,https://certimotors.com/inspeccion-carros-rodados-guatemala/
Búsqueda – Guatemala,No marca,Carros rodados,comprar carro rodado guatemala,Frase,https://certimotors.com/inspeccion-carros-rodados-guatemala/
Búsqueda – Guatemala,No marca,Carros rodados,carros rodados riesgos,Exacta,https://certimotors.com/inspeccion-carros-rodados-guatemala/
Búsqueda – Guatemala,No marca,Carros rodados,carros rodados riesgos,Frase,https://certimotors.com/inspeccion-carros-rodados-guatemala/
Búsqueda – Guatemala,No marca,Carros rodados,verificar carro rodado,Exacta,https://certimotors.com/inspeccion-carros-rodados-guatemala/
Búsqueda – Guatemala,No marca,Carros rodados,verificar carro rodado,Frase,https://certimotors.com/inspeccion-carros-rodados-guatemala/
Búsqueda – Guatemala,No marca,Usados de agencia,inspección de carro usado de agencia,Exacta,https://certimotors.com/inspeccion-vehiculos-usados-de-agencia-guatemala/
Búsqueda – Guatemala,No marca,Usados de agencia,inspección de carro usado de agencia,Frase,https://certimotors.com/inspeccion-vehiculos-usados-de-agencia-guatemala/
Búsqueda – Guatemala,No marca,Usados de agencia,revisión de vehículos usados de agencia,Exacta,https://certimotors.com/inspeccion-vehiculos-usados-de-agencia-guatemala/
Búsqueda – Guatemala,No marca,Usados de agencia,revisión de vehículos usados de agencia,Frase,https://certimotors.com/inspeccion-vehiculos-usados-de-agencia-guatemala/
Búsqueda – Guatemala,No marca,Usados de agencia,revisar carro seminuevo de agencia,Exacta,https://certimotors.com/inspeccion-vehiculos-usados-de-agencia-guatemala/
Búsqueda – Guatemala,No marca,Usados de agencia,revisar carro seminuevo de agencia,Frase,https://certimotors.com/inspeccion-vehiculos-usados-de-agencia-guatemala/
Búsqueda – Guatemala,No marca,Usados de agencia,segunda opinión carro de agencia,Exacta,https://certimotors.com/inspeccion-vehiculos-usados-de-agencia-guatemala/
Búsqueda – Guatemala,No marca,Usados de agencia,segunda opinión carro de agencia,Frase,https://certimotors.com/inspeccion-vehiculos-usados-de-agencia-guatemala/
Búsqueda – Guatemala,No marca,Usados de agencia,carros usados de agencia guatemala revisión,Exacta,https://certimotors.com/inspeccion-vehiculos-usados-de-agencia-guatemala/
Búsqueda – Guatemala,No marca,Usados de agencia,carros usados de agencia guatemala revisión,Frase,https://certimotors.com/inspeccion-vehiculos-usados-de-agencia-guatemala/
Búsqueda – Guatemala,No marca,Verificación legal,verificación legal de vehículos guatemala,Exacta,https://certimotors.com/verificacion-legal-vehiculo-guatemala/
Búsqueda – Guatemala,No marca,Verificación legal,verificación legal de vehículos guatemala,Frase,https://certimotors.com/verificacion-legal-vehiculo-guatemala/
Búsqueda – Guatemala,No marca,Verificación legal,verificar gravamen de un carro,Exacta,https://certimotors.com/verificacion-legal-vehiculo-guatemala/
Búsqueda – Guatemala,No marca,Verificación legal,verificar gravamen de un carro,Frase,https://certimotors.com/verificacion-legal-vehiculo-guatemala/
Búsqueda – Guatemala,No marca,Verificación legal,consultar prenda de vehículo guatemala,Exacta,https://certimotors.com/verificacion-legal-vehiculo-guatemala/
Búsqueda – Guatemala,No marca,Verificación legal,consultar prenda de vehículo guatemala,Frase,https://certimotors.com/verificacion-legal-vehiculo-guatemala/
Búsqueda – Guatemala,No marca,Verificación legal,saber si un carro tiene gravamen,Exacta,https://certimotors.com/verificacion-legal-vehiculo-guatemala/
Búsqueda – Guatemala,No marca,Verificación legal,saber si un carro tiene gravamen,Frase,https://certimotors.com/verificacion-legal-vehiculo-guatemala/
Búsqueda – Guatemala,No marca,Verificación legal,verificar propietario de vehículo sat,Exacta,https://certimotors.com/verificacion-legal-vehiculo-guatemala/
Búsqueda – Guatemala,No marca,Verificación legal,verificar propietario de vehículo sat,Frase,https://certimotors.com/verificacion-legal-vehiculo-guatemala/
Búsqueda – Guatemala,No marca,Verificación legal,historial de multas de un carro,Exacta,https://certimotors.com/verificacion-legal-vehiculo-guatemala/
Búsqueda – Guatemala,No marca,Verificación legal,historial de multas de un carro,Frase,https://certimotors.com/verificacion-legal-vehiculo-guatemala/
Búsqueda – Guatemala,No marca,Peritaje vehicular,peritaje vehicular guatemala,Exacta,https://certimotors.com/peritaje-vehicular-guatemala/
Búsqueda – Guatemala,No marca,Peritaje vehicular,peritaje vehicular guatemala,Frase,https://certimotors.com/peritaje-vehicular-guatemala/
Búsqueda – Guatemala,No marca,Peritaje vehicular,peritaje de carros,Exacta,https://certimotors.com/peritaje-vehicular-guatemala/
Búsqueda – Guatemala,No marca,Peritaje vehicular,peritaje de carros,Frase,https://certimotors.com/peritaje-vehicular-guatemala/
Búsqueda – Guatemala,No marca,Peritaje vehicular,peritaje de vehículos usados,Exacta,https://certimotors.com/peritaje-vehicular-guatemala/
Búsqueda – Guatemala,No marca,Peritaje vehicular,peritaje de vehículos usados,Frase,https://certimotors.com/peritaje-vehicular-guatemala/
Búsqueda – Guatemala,No marca,Peritaje vehicular,inspección técnica vehicular guatemala,Exacta,https://certimotors.com/peritaje-vehicular-guatemala/
Búsqueda – Guatemala,No marca,Peritaje vehicular,inspección técnica vehicular guatemala,Frase,https://certimotors.com/peritaje-vehicular-guatemala/
Búsqueda – Guatemala,Marca,Marca,certimotors,Exacta,https://certimotors.com/
Búsqueda – Guatemala,Marca,Marca,certi motors,Exacta,https://certimotors.com/
Búsqueda – Guatemala,Marca,Marca,certimotors guatemala,Exacta,https://certimotors.com/
Búsqueda – Guatemala,(negativa de campaña),,gratis,Negativa amplia,
Búsqueda – Guatemala,(negativa de campaña),,gratuito,Negativa amplia,
Búsqueda – Guatemala,(negativa de campaña),,reparación,Negativa amplia,
Búsqueda – Guatemala,(negativa de campaña),,repuestos,Negativa amplia,
Búsqueda – Guatemala,(negativa de campaña),,taller mecánico,Negativa amplia,
Búsqueda – Guatemala,(negativa de campaña),,empleo,Negativa amplia,
Búsqueda – Guatemala,(negativa de campaña),,trabajo,Negativa amplia,
Búsqueda – Guatemala,(negativa de campaña),,curso,Negativa amplia,
Búsqueda – Guatemala,(negativa de campaña),,estudiar,Negativa amplia,
Búsqueda – Guatemala,(negativa de campaña),,seguro,Negativa amplia,
Búsqueda – Guatemala,(negativa de campaña),,renta,Negativa amplia,
Búsqueda – Guatemala,(negativa de campaña),,alquiler,Negativa amplia,
Búsqueda – Guatemala,(negativa de campaña),,avalúo,Negativa amplia,
Búsqueda – Guatemala,(negativa de campaña),,expertaje pnc,Negativa amplia,
Búsqueda – Guatemala,(negativa de campaña),,calcomanía,Negativa amplia,
Búsqueda – Guatemala,(negativa de campaña),,multas pagar,Negativa amplia,
Búsqueda – Guatemala,(negativa de campaña),,placas,Negativa amplia,
Búsqueda – Guatemala,(negativa de campaña),,marchamo,Negativa amplia,
Búsqueda – Guatemala,(negativa de campaña),,vender mi carro,Negativa amplia,
Búsqueda – Guatemala,(negativa de campaña),,venta de carros,Negativa amplia,
Búsqueda – Guatemala,(negativa de campaña),,tutorial,Negativa amplia,
Búsqueda – Guatemala,(negativa de campaña),,pdf,Negativa amplia,
Búsqueda – Guatemala,(negativa de campaña),,méxico,Negativa amplia,
Búsqueda – Guatemala,(negativa de campaña),,colombia,Negativa amplia,
Búsqueda – Guatemala,(negativa de campaña),,el salvador,Negativa amplia,
Búsqueda – Guatemala,(negativa de campaña),,honduras,Negativa amplia,
Búsqueda – Guatemala,(negativa de campaña),,españa,Negativa amplia,
Búsqueda – Guatemala,(negativa de campaña),,chile,Negativa amplia,
Búsqueda – Guatemala,(negativa de campaña),,argentina,Negativa amplia,
Búsqueda – Guatemala,(negativa de campaña),,perú,Negativa amplia,
Búsqueda – Guatemala,(negativa de campaña),,estados unidos,Negativa amplia,
